{"cameraMode":{"drawMode":0,"name":"Shaded","section":"Shading Mode"},"sceneLighting":false,"audioPlay":false,"sceneViewState":{"showFog":true,"showMaterialUpdate":false,"showSkybox":false,"showFlares":true,"showImageEffects":true,"showParticleSystems":true},"in2DMode":false,"pivot":{"x":0.0,"y":3.556999683380127,"z":0.8684999942779541},"rotation":{"x":-0.018298275768756868,"y":-0.9690880179405212,"z":0.23408430814743043,"w":-0.07575105875730515},"size":15.13691520690918,"orthographic":true}