{"cameraMode":{"drawMode":0,"name":"Shaded","section":"Shading Mode"},"sceneLighting":true,"audioPlay":false,"sceneViewState":{"showFog":true,"showMaterialUpdate":false,"showSkybox":true,"showFlares":true,"showImageEffects":true,"showParticleSystems":true},"in2DMode":false,"pivot":{"x":-129.383544921875,"y":-502.6153869628906,"z":-184.27508544921876},"rotation":{"x":0.4274292588233948,"y":-0.054190948605537418,"z":0.02568048983812332,"w":0.9020577073097229},"size":4486.09619140625,"orthographic":true}