{"cameraMode":{"drawMode":0,"name":"Shaded","section":"Shading Mode"},"sceneLighting":false,"audioPlay":false,"sceneViewState":{"showFog":true,"showMaterialUpdate":false,"showSkybox":true,"showFlares":true,"showImageEffects":true,"showParticleSystems":true},"in2DMode":false,"pivot":{"x":-0.014999985694885254,"y":0.0,"z":1.0949994325637818},"rotation":{"x":-0.07400865852832794,"y":0.9231131076812744,"z":-0.22620415687561036,"w":-0.3020208179950714},"size":5.771933078765869,"orthographic":false}